city,latitude,longitude
Berlin,52.52437,13.41053
Hamburg,53.57532,10.01534
Bern,46.94809,7.44744
Basel,47.55839,7.57327
Zurich,47.36667,8.55
Paris,48.85341,2.3488
Toulouse,43.60426,1.44367
Helsinki,60.16952,24.93545
Porto,41.14961,-8.61099
Barcelona,41.38879,2.15899
Lisbon,38.71667,-9.13333
,,
,,
,,
,,
,,
,,
,,
,,
,,
,,
,,
,,
,,
,,
,,
,,
,,
,,
,,
,,
,,
,,
,,
,,
,,
,,
,,
,,
,,
,,
,,
,,
,,
,,
,,
,,
,,
,,
,,
Barcelona,41.38879,2.15899
